{
    "q_learning": {
        "0": {
            "alpha": 0.10684083906127398,
            "gamma": 0.9650101003216283,
            "epsilon": 0.5802236923180284,
            "use_decay": true,
            "epsilon_decay": 0.9814258284693362,
            "epsilon_min": 0.043213056247300485
        },
        "1": {
            "alpha": 0.25455675356762886,
            "gamma": 0.8964833863443957,
            "epsilon": 0.42351165020173037,
            "use_decay": true,
            "epsilon_decay": 0.9831723362920294,
            "epsilon_min": 0.017915992331650872
        },
        "2": {
            "alpha": 0.2012665998574142,
            "gamma": 0.8511294287291304,
            "epsilon": 0.6901632777957929,
            "use_decay": false
        },
        "3": {
            "alpha": 0.5434258175750281,
            "gamma": 0.9731625815766903,
            "epsilon": 0.10222791414697524,
            "use_decay": true,
            "epsilon_decay": 0.9970986108670604,
            "epsilon_min": 0.050312613999568136
        },
        "4": {
            "alpha": 0.6560468559037402,
            "gamma": 0.8019276988620421,
            "epsilon": 0.9984044161402121,
            "use_decay": true,
            "epsilon_decay": 0.9512121083686974,
            "epsilon_min": 0.01432704196386115
        }
    },
    "montecarlo": {
        "0": {
            "alpha": 0.39693430912632066,
            "gamma": 0.8305809903956578,
            "epsilon": 0.258257389312062,
            "use_decay": true,
            "epsilon_decay": 0.9799037306091518,
            "epsilon_min": 0.043904444825317905
        },
        "1": {
            "alpha": 0.40324428326182676,
            "gamma": 0.9843628365244055,
            "epsilon": 0.10233813041550291,
            "use_decay": false
        },
        "2": {
            "alpha": 0.3938034805982785,
            "gamma": 0.9919471703965173,
            "epsilon": 0.8264749245557431,
            "use_decay": true,
            "epsilon_decay": 0.9896541012123771,
            "epsilon_min": 0.08579758194147215
        },
        "3": {
            "alpha": 0.2758636644768574,
            "gamma": 0.9944234307064093,
            "epsilon": 0.6523299824406397,
            "use_decay": false
        },
        "4": {
            "alpha": 0.42358874566813365,
            "gamma": 0.9913479152054184,
            "epsilon": 0.13823083426156263,
            "use_decay": true,
            "epsilon_decay": 0.9988635545344253,
            "epsilon_min": 0.08469364376486642
        }
    },
    "SARSA": {
        "0": {
            "alpha": 0.42416086367130046,
            "gamma": 0.800258353378074,
            "epsilon": 0.33046860299175346,
            "use_decay": true,
            "epsilon_decay": 0.9764835979133752,
            "epsilon_min": 0.04870974866636549
        },
        "1": {
            "alpha": 0.32143400789130294,
            "gamma": 0.952721530908584,
            "epsilon": 0.6756971874371526,
            "use_decay": true,
            "epsilon_decay": 0.9510467008757961,
            "epsilon_min": 0.028730901092152154
        },
        "2": {
            "alpha": 0.10367802252919181,
            "gamma": 0.9477140471632183,
            "epsilon": 0.10746288329021231,
            "use_decay": true,
            "epsilon_decay": 0.9509082961228867,
            "epsilon_min": 0.0976776224214035
        },
        "3": {
            "alpha": 0.6537042548665968,
            "gamma": 0.9973029699110687,
            "epsilon": 0.502264544070565,
            "use_decay": false
        },
        "4": {
            "alpha": 0.4266121111006777,
            "gamma": 0.9454426932518863,
            "epsilon": 0.1275248731129489,
            "use_decay": false
        }
    }
}